time,x1,y1,x2,y2,x3,y3,x4,y4,x5,y5,x6,y6
0.000,nan,nan,658.662,836.197,823.183,828.485,nan,nan,nan,nan,537.434,634.076
0.033,nan,nan,658.377,835.781,822.046,825.420,nan,nan,nan,nan,538.568,630.455
0.067,nan,nan,658.324,835.228,822.758,823.628,nan,nan,nan,nan,538.601,629.716
0.100,nan,nan,658.268,834.863,821.555,819.665,nan,nan,nan,nan,538.604,628.667
0.133,nan,nan,659.508,835.339,820.373,816.549,nan,nan,nan,nan,538.800,624.891
0.167,nan,nan,659.109,835.264,819.324,812.929,nan,nan,nan,nan,539.525,622.632
0.200,nan,nan,659.175,834.365,819.319,809.593,nan,nan,nan,nan,539.168,622.288
0.233,nan,nan,658.880,833.992,818.429,808.015,nan,nan,nan,nan,538.703,620.631
0.267,nan,nan,658.212,832.857,817.948,806.651,nan,nan,nan,nan,538.223,618.706
0.300,nan,nan,656.968,829.924,818.575,804.508,nan,nan,nan,nan,536.984,612.883
0.333,nan,nan,656.985,826.721,818.600,802.683,nan,nan,nan,nan,536.725,608.748
0.367,nan,nan,655.699,824.145,818.225,800.830,nan,nan,nan,nan,536.374,605.574
0.400,nan,nan,655.139,820.432,818.269,800.050,nan,nan,nan,nan,536.200,603.117
0.433,nan,nan,654.232,816.687,818.355,799.455,nan,nan,nan,nan,535.150,601.127
0.467,nan,nan,653.781,815.031,818.995,798.555,nan,nan,nan,nan,534.927,597.061
0.500,nan,nan,nan,nan,818.330,798.153,657.590,828.934,650.302,798.746,533.509,592.355
0.533,nan,nan,nan,nan,818.330,798.153,657.589,828.943,649.419,795.065,533.522,589.187
0.567,nan,nan,nan,nan,818.330,798.153,657.642,828.751,649.267,788.921,532.372,587.140
0.600,nan,nan,nan,nan,818.853,798.552,657.642,828.751,647.418,783.864,531.482,583.188
0.633,nan,nan,nan,nan,818.449,798.019,657.632,828.734,647.371,780.518,530.655,580.006
0.667,nan,nan,nan,nan,818.037,796.716,657.762,828.631,647.418,777.100,530.796,577.721
0.700,835.775,789.155,926.271,830.713,818.241,795.792,657.808,828.683,646.743,769.971,530.233,575.333
0.733,nan,nan,927.805,843.495,818.445,796.076,657.593,828.590,646.274,765.233,530.211,573.795
0.767,nan,nan,938.590,845.827,818.938,795.711,657.517,828.812,645.859,761.568,528.242,574.260
0.800,nan,nan,941.476,846.708,818.812,793.749,657.607,828.059,646.570,757.601,526.267,572.754
0.833,nan,nan,945.715,846.436,819.563,788.879,657.635,826.750,645.241,752.834,524.614,567.918
0.867,nan,nan,946.242,845.392,819.846,786.603,657.700,825.764,643.687,745.781,523.015,563.786
0.900,nan,nan,948.270,845.160,820.055,784.034,657.693,825.104,642.177,740.900,522.374,561.901
0.933,nan,nan,949.686,843.699,821.130,779.635,657.588,824.116,642.460,734.730,519.451,560.618
0.967,nan,nan,950.777,842.931,820.966,773.795,657.605,823.734,642.697,729.809,518.919,559.661
1.000,nan,nan,951.528,841.293,821.458,769.537,657.516,823.093,641.312,725.575,517.261,555.839
1.033,nan,nan,952.121,839.342,821.543,765.492,657.596,821.973,639.716,721.744,515.260,551.052
1.067,nan,nan,951.509,838.562,824.170,759.771,657.537,820.765,640.005,716.548,513.502,548.298
1.100,nan,nan,951.795,837.302,826.287,756.306,657.898,820.179,639.526,711.403,511.388,545.461
1.133,nan,nan,951.352,837.002,826.997,753.049,658.823,818.461,637.509,707.056,508.863,539.990
1.167,nan,nan,952.923,835.051,829.254,748.969,659.289,816.439,636.724,703.539,508.178,535.440
1.200,nan,nan,954.017,832.493,830.626,745.011,659.501,813.025,634.925,697.795,507.640,532.922
1.233,nan,nan,956.252,830.954,832.403,743.810,659.656,811.991,631.920,694.099,506.756,528.212
1.267,nan,nan,957.112,829.393,832.709,743.990,659.340,811.259,629.592,689.848,506.104,523.781
1.300,nan,nan,958.724,827.540,832.953,742.861,659.399,810.737,626.569,683.353,505.811,517.583
1.333,nan,nan,959.509,825.829,833.427,742.141,659.151,810.542,625.596,678.239,505.500,514.374
1.367,nan,nan,960.562,824.898,833.786,742.100,658.959,810.846,623.241,671.763,504.916,507.981
1.400,839.487,844.975,961.703,823.648,834.954,742.090,658.860,810.314,620.361,666.337,503.592,502.293
1.433,841.757,843.438,962.466,821.914,835.191,742.839,634.383,779.976,619.161,660.801,503.948,498.688
1.467,842.086,842.732,962.449,820.685,835.461,742.680,561.872,751.627,617.771,655.280,503.784,493.392
1.500,842.460,841.741,963.114,819.215,835.715,743.115,564.916,756.104,616.226,651.518,503.632,488.297
1.533,842.865,840.363,964.056,817.334,835.509,743.294,558.310,780.128,613.068,643.722,503.064,482.401
1.567,844.718,837.885,964.335,814.961,835.761,743.787,nan,nan,612.513,638.464,503.293,478.310
1.600,845.400,836.404,965.725,811.430,836.128,744.229,nan,nan,611.241,631.701,503.209,474.476
1.633,846.850,835.049,966.617,807.506,836.571,744.047,nan,nan,608.995,623.001,503.561,469.536
1.667,847.296,833.221,966.843,804.824,836.790,743.950,nan,nan,608.425,616.692,503.454,465.955
1.700,848.071,832.075,967.253,802.698,836.993,743.921,nan,nan,606.701,610.058,503.741,463.866
1.733,848.772,829.614,967.703,801.002,837.235,743.827,nan,nan,604.604,605.529,503.466,462.753
1.767,850.261,825.896,968.720,798.083,837.641,742.931,nan,nan,605.285,600.584,503.747,461.407
1.800,850.812,822.900,969.152,795.742,837.999,741.386,nan,nan,605.835,595.097,503.633,460.390
1.833,851.973,820.999,969.900,793.498,838.344,739.700,nan,nan,604.992,591.760,503.913,459.184
1.867,852.647,820.388,969.538,792.805,839.608,737.371,nan,nan,602.887,587.697,503.746,459.478
1.900,853.627,819.706,969.721,789.722,841.496,735.386,nan,nan,603.039,583.568,503.504,459.298
1.933,856.214,818.717,969.596,786.370,843.433,730.944,nan,nan,603.745,580.669,503.697,459.880
1.967,858.399,815.905,969.583,784.811,845.556,729.155,nan,nan,602.575,577.886,503.405,459.102
2.000,859.490,813.690,969.728,781.752,846.787,725.179,nan,nan,601.849,575.489,503.701,459.449
2.033,861.619,810.304,968.898,779.401,850.780,722.575,nan,nan,600.181,571.481,503.615,459.752
2.067,862.944,806.387,969.100,777.265,852.294,719.807,nan,nan,599.956,567.671,503.615,459.752
2.100,864.727,804.530,968.450,775.940,855.642,716.886,nan,nan,599.174,564.159,503.597,459.785
2.133,866.934,800.015,967.442,775.691,857.749,713.382,nan,nan,597.432,560.321,503.626,459.737
2.167,868.551,796.396,967.226,775.959,860.024,711.587,nan,nan,595.648,557.509,503.386,459.714
2.200,870.395,792.422,967.032,776.002,861.091,709.781,888.422,819.591,592.876,555.001,503.480,459.765
2.233,871.576,789.434,966.636,775.847,856.666,706.778,nan,nan,592.455,552.603,503.908,461.217
2.267,872.677,787.905,966.739,775.877,865.802,703.945,833.845,693.123,590.898,548.454,504.065,462.051
2.300,873.164,786.311,966.756,775.865,867.412,702.353,832.702,691.722,589.009,543.966,504.069,462.086
2.333,874.071,785.835,967.241,775.796,869.640,701.760,829.898,693.123,587.262,540.087,504.327,462.542
2.367,875.246,783.873,967.241,775.796,870.541,701.249,829.361,695.653,585.251,536.109,504.577,463.079
2.400,876.267,781.015,967.241,775.796,871.404,700.190,829.045,698.150,583.883,534.043,504.979,462.982
2.433,877.496,779.392,967.241,775.796,872.554,698.085,824.806,699.835,581.223,530.654,504.558,462.971
2.467,880.197,777.314,967.241,775.796,873.242,696.511,823.130,699.820,578.213,528.226,504.739,462.286
2.500,882.081,774.118,967.222,776.187,874.655,694.774,822.952,700.696,573.310,524.864,505.162,463.507
2.533,883.325,771.647,967.222,776.187,875.401,694.373,821.727,701.284,570.469,524.435,504.461,461.997
2.567,885.819,768.409,967.222,776.187,877.409,693.070,818.867,701.834,568.542,522.556,503.815,461.369
2.600,887.164,766.502,967.222,776.187,878.236,691.544,819.348,701.796,564.200,520.924,503.860,461.682
2.633,888.985,763.987,967.222,776.187,878.180,690.104,819.754,703.267,559.330,517.006,503.232,460.905
2.667,892.153,760.506,967.254,776.160,878.228,689.039,818.519,702.898,554.861,512.729,502.932,460.185
2.700,892.362,757.886,967.521,775.726,878.559,688.317,818.646,702.993,552.716,509.830,502.922,458.158
2.733,894.696,754.963,967.463,774.595,878.865,686.842,817.567,703.911,547.786,506.187,502.858,458.560
2.767,895.611,752.514,967.839,774.129,878.912,686.509,816.601,705.831,544.207,499.895,502.791,457.105
2.800,897.162,750.162,967.762,773.799,878.520,686.406,816.288,706.687,540.517,496.669,502.694,455.317
2.833,897.567,749.086,967.510,774.187,878.604,685.564,815.889,706.464,537.176,492.292,502.936,453.556
2.867,898.334,746.902,967.203,772.933,879.340,683.348,815.699,705.255,535.512,488.312,503.151,450.163
2.900,898.599,744.041,966.191,770.520,879.757,681.839,815.692,704.329,533.201,482.235,503.274,448.864
2.933,900.773,742.403,966.045,769.584,881.473,680.365,815.490,703.957,532.544,479.915,502.954,447.248
2.967,901.792,741.504,966.961,767.194,882.903,678.575,815.150,703.213,530.987,476.426,503.468,444.911
3.000,904.905,741.146,968.316,764.887,884.935,676.065,815.226,702.824,529.840,473.449,503.665,442.636
3.033,905.636,739.876,968.470,763.225,887.147,672.050,815.224,702.688,528.236,470.068,503.289,442.457
3.067,907.826,737.608,969.042,761.934,890.763,668.955,815.205,702.627,527.145,467.366,502.917,442.519
3.100,910.215,735.066,969.557,760.030,893.522,666.544,815.061,702.342,526.290,464.542,502.868,442.105
3.133,911.608,733.960,970.762,756.773,894.704,665.656,815.044,702.113,525.361,460.289,503.508,439.811
3.167,913.427,731.869,972.174,753.060,894.959,664.907,815.651,701.095,523.680,453.468,503.677,440.520
3.200,913.956,730.105,973.317,749.985,894.987,664.909,815.426,701.019,521.504,450.508,503.498,441.810
3.233,915.228,727.698,972.645,748.775,895.296,664.568,815.472,699.447,nan,nan,512.629,446.617
3.267,916.993,726.482,973.962,746.987,895.360,664.646,815.868,698.112,643.960,843.230,511.460,449.483
3.300,918.799,723.910,974.667,743.765,895.291,664.626,815.948,697.309,640.852,842.476,510.869,445.581
3.333,920.111,721.188,976.285,740.591,895.532,664.248,816.100,697.307,638.942,840.823,503.470,457.431
3.367,922.305,717.919,976.164,738.788,895.491,664.433,816.167,697.489,637.363,839.102,501.419,459.040
3.400,923.687,715.608,976.327,736.468,895.458,664.466,816.264,697.505,637.510,838.305,501.366,460.042
3.433,924.664,714.366,975.569,733.437,895.458,664.466,816.136,697.289,636.284,835.836,501.719,461.104
3.467,926.089,711.716,976.103,731.128,895.458,664.466,815.981,697.632,636.282,833.895,501.791,460.757
3.500,928.798,710.309,976.589,727.898,895.388,664.481,816.051,698.460,637.197,831.188,501.102,461.404
3.533,930.591,706.391,977.025,725.179,895.452,664.609,816.098,698.958,638.751,826.823,501.304,461.644
3.567,932.521,702.773,976.408,721.298,895.452,664.609,815.442,698.979,640.301,822.693,501.979,461.717
3.600,934.722,699.782,975.911,717.785,895.447,664.634,815.306,699.183,639.789,817.939,502.192,462.163
3.633,937.758,695.634,976.382,714.496,895.388,664.481,815.386,698.905,641.478,813.243,502.211,460.213
3.667,940.271,690.510,976.494,711.259,895.464,664.531,815.874,698.087,642.335,807.642,503.168,460.128
3.700,943.196,686.318,976.745,708.399,895.465,664.554,815.939,698.566,641.487,804.309,503.337,458.627
3.733,944.095,683.648,977.726,705.695,895.458,664.586,816.068,697.982,640.572,800.564,504.334,459.321
3.767,945.561,680.953,977.361,703.842,895.465,664.554,815.999,697.836,640.164,796.727,505.794,458.026
3.800,947.718,676.560,977.601,702.984,895.464,664.531,815.999,697.836,640.847,792.474,505.219,457.523
3.833,948.708,671.263,977.690,702.843,895.282,664.642,815.175,698.294,641.636,790.602,507.825,454.674
3.867,950.358,669.114,977.660,704.225,895.282,664.642,815.261,698.294,642.398,787.172,509.634,453.235
3.900,952.211,665.106,977.057,707.751,895.282,664.642,815.597,698.129,642.671,783.817,510.951,450.880
3.933,953.277,662.139,976.287,712.392,895.282,664.642,815.774,697.926,643.257,781.380,512.996,449.179
3.967,953.978,656.606,976.470,714.273,895.282,664.642,815.396,698.002,644.980,779.584,514.591,447.322
4.000,955.806,652.363,977.335,717.047,895.469,664.288,816.305,698.000,646.453,777.254,516.574,443.923
4.033,956.193,648.647,977.976,720.244,895.469,664.288,815.802,698.464,646.711,775.915,518.184,441.924
4.067,957.599,644.999,978.064,723.468,895.469,664.288,815.767,698.369,645.807,774.568,521.071,440.087
4.100,958.830,640.055,978.627,726.041,895.469,664.288,815.933,698.424,645.692,773.022,523.298,437.595
4.133,960.601,637.387,977.800,727.545,895.469,664.288,816.174,698.217,643.960,770.248,525.913,435.101
4.167,959.963,634.483,976.190,729.536,895.526,664.633,815.446,698.632,642.911,765.960,527.013,434.190
4.200,960.036,632.919,978.071,732.703,895.498,664.675,815.803,698.274,642.622,762.365,527.951,433.239
4.233,959.684,630.508,977.466,733.437,895.498,664.675,816.207,697.848,641.428,757.047,528.589,432.520
4.267,960.166,628.341,978.867,735.967,895.600,664.756,816.235,698.080,641.617,752.303,529.603,432.141
4.300,959.579,626.304,978.369,737.211,895.568,664.718,815.707,698.217,640.754,748.347,531.655,429.009
4.333,959.767,622.118,977.575,740.393,895.616,664.637,815.998,698.718,639.634,743.578,533.009,427.223
4.367,959.208,619.277,976.984,741.200,895.633,664.545,816.080,698.614,639.146,739.601,535.133,424.874
4.400,958.590,617.392,976.024,743.105,895.723,664.137,816.037,698.491,638.820,735.751,534.243,424.746
4.433,958.432,615.265,977.519,744.034,895.842,662.800,816.285,698.285,637.107,729.685,535.555,422.317
4.467,956.105,612.093,979.145,745.825,896.746,662.974,816.001,698.218,636.519,725.085,535.992,420.901
4.500,955.871,608.733,979.701,745.822,896.208,662.060,815.845,697.755,635.320,721.743,537.696,418.662
4.533,956.872,605.501,980.712,747.776,897.025,662.401,815.856,697.656,633.926,718.440,537.791,416.781
4.567,955.854,604.036,981.513,747.831,897.850,660.965,815.852,697.598,634.116,717.024,538.789,414.991
4.600,955.621,602.447,982.984,749.610,898.053,660.353,815.877,697.579,633.211,712.648,539.520,412.093
4.633,954.679,599.272,982.065,750.638,899.447,660.079,816.079,698.064,634.112,708.748,539.483,411.894
4.667,954.026,596.302,983.101,752.807,900.470,660.305,816.152,697.856,634.205,705.285,539.876,410.658
4.700,954.832,594.428,984.061,753.935,901.396,658.975,816.397,697.822,635.279,701.190,539.747,409.674
4.733,954.445,591.524,983.315,755.499,902.103,658.053,816.465,697.826,636.251,697.795,539.709,407.461
4.767,953.686,589.614,984.032,756.935,902.482,658.455,816.119,698.016,636.581,695.622,539.651,406.745
4.800,952.997,587.860,984.685,757.487,902.950,658.192,816.205,698.137,637.565,691.582,539.630,406.041
4.833,953.049,586.124,984.197,758.112,902.727,657.976,816.217,697.860,638.486,687.208,539.720,407.127
4.867,952.304,584.104,985.172,759.268,902.727,657.976,816.149,697.831,636.973,683.879,539.735,406.816
4.900,952.559,581.959,985.134,759.310,902.695,658.012,816.074,697.854,637.963,679.281,539.681,406.682
4.933,952.524,580.314,985.691,760.124,902.481,658.395,816.659,697.877,639.248,673.844,539.277,407.168
4.967,951.982,577.572,986.833,762.080,902.488,658.352,816.293,697.694,641.585,668.783,539.236,407.224
5.000,951.919,575.594,987.601,764.440,902.708,658.889,816.092,698.467,642.600,665.137,539.216,407.669
5.033,952.068,574.272,989.586,764.998,902.953,658.905,816.174,698.352,644.567,662.120,539.375,407.384
5.067,950.638,570.488,991.216,767.053,902.868,658.823,816.420,698.131,647.936,658.147,539.435,407.354
5.100,950.899,566.437,991.746,768.929,902.862,658.592,816.387,697.823,648.580,654.973,539.347,407.250
5.133,951.324,564.951,991.523,770.571,902.925,658.587,816.251,698.330,649.589,651.291,539.293,407.311
5.167,950.459,562.232,992.300,771.641,902.823,657.892,816.590,698.098,650.968,647.337,539.173,407.820
5.200,949.522,560.101,992.944,773.742,903.589,657.093,816.944,698.133,652.424,643.297,539.173,407.820
5.233,949.631,557.671,993.644,773.491,903.544,656.242,816.623,697.878,654.009,639.714,539.355,407.659
5.267,949.554,555.814,992.103,775.606,904.267,654.946,816.623,697.878,653.419,635.881,539.213,407.379
5.300,949.563,554.064,992.549,775.871,904.930,653.061,816.749,698.243,654.116,632.041,539.261,407.523
5.333,949.221,552.543,993.436,777.981,905.561,652.256,816.604,697.814,655.495,626.511,539.220,407.927
5.367,949.789,551.165,993.787,778.390,905.640,651.206,816.716,697.737,656.011,621.495,539.220,407.927
5.400,949.104,548.937,994.462,779.033,907.381,650.911,816.743,697.973,657.310,614.977,539.315,407.873
5.433,949.173,546.254,994.902,780.785,907.533,649.871,816.492,697.554,658.865,610.438,539.216,407.788
5.467,948.838,544.905,995.350,782.005,908.187,648.282,816.604,697.814,660.602,606.286,539.220,407.927
5.500,949.229,544.430,996.200,783.173,908.353,647.629,816.971,697.875,661.151,600.986,539.206,408.036
5.533,948.860,541.135,995.707,784.532,908.271,645.508,816.672,697.602,662.347,597.426,539.206,408.206
5.567,948.875,539.506,995.625,785.773,908.072,643.057,816.814,697.575,662.352,593.100,539.352,407.614
5.600,948.626,538.323,995.676,786.175,908.526,641.443,816.986,697.492,664.090,588.770,539.216,407.909
5.633,948.983,537.918,995.525,789.360,908.111,640.060,817.148,697.184,664.098,587.035,539.206,408.036
5.667,948.805,536.742,995.931,790.557,908.672,637.497,816.496,697.148,665.052,584.618,539.296,407.855
5.700,948.511,534.633,995.722,793.484,907.534,635.065,816.592,697.346,665.659,580.465,539.335,408.224
5.733,948.693,533.498,995.931,795.521,907.650,632.132,817.264,696.877,665.625,579.838,539.203,407.843
5.767,948.900,533.210,996.470,795.944,907.336,628.866,816.896,698.094,665.313,579.325,539.165,408.476
5.800,948.783,532.148,995.610,797.352,906.955,626.463,816.496,697.148,665.395,579.390,539.296,407.855
5.833,948.781,529.827,995.722,798.254,907.813,623.950,816.947,697.074,664.857,579.561,539.094,408.583
5.867,948.555,526.761,995.798,799.142,907.756,621.195,816.580,697.837,664.899,578.658,539.219,407.648
5.900,948.571,523.475,995.444,800.720,907.850,619.981,816.595,697.614,663.439,577.709,539.264,407.567
5.933,948.422,522.904,995.235,802.284,907.725,617.791,816.626,697.317,663.310,576.435,539.217,407.939
5.967,948.562,521.108,995.232,803.312,907.874,616.674,816.659,697.728,659.656,575.598,539.113,408.261
6.000,947.791,519.109,995.367,803.945,908.514,615.673,816.585,698.044,658.333,572.414,539.276,407.922
6.033,947.794,517.371,995.220,804.254,909.172,613.922,816.378,697.566,656.751,570.529,539.262,407.953
6.067,947.583,516.333,993.927,809.903,910.204,611.679,816.378,697.566,656.027,567.708,539.205,407.846
6.100,946.693,513.983,994.091,812.340,911.209,606.541,816.537,697.652,653.651,566.993,539.277,407.841
6.133,946.824,511.342,993.050,815.099,911.587,603.759,816.647,697.431,651.813,563.773,539.248,407.944
6.167,946.048,508.765,992.310,817.542,912.095,602.398,816.898,696.811,649.151,562.129,539.184,408.247
6.200,945.798,507.275,992.443,818.082,911.772,600.935,815.664,697.350,646.870,560.845,539.284,408.055
6.233,944.444,506.297,992.196,819.184,912.260,599.391,814.980,696.189,645.652,559.143,539.232,407.866
6.267,943.675,504.890,991.082,822.434,912.705,595.505,815.373,696.215,643.954,556.027,539.287,407.711
6.300,943.125,503.360,990.813,824.328,913.888,592.556,815.514,696.274,640.464,553.751,539.282,407.872
6.333,943.244,502.296,990.538,824.658,914.479,590.398,815.204,696.534,638.375,552.797,539.148,408.294
6.367,940.650,500.469,990.587,824.441,915.502,588.295,815.070,696.974,635.934,549.693,539.145,408.308
6.400,939.698,497.003,990.330,824.832,916.078,584.852,815.338,696.717,635.154,547.924,539.161,408.241
6.433,938.585,494.943,990.191,825.169,916.215,583.895,815.610,696.497,632.910,545.945,539.161,408.241
6.467,938.376,494.549,989.020,826.385,916.574,582.604,815.450,696.563,632.037,544.246,539.148,408.294
6.500,937.320,492.868,988.757,827.590,916.830,580.674,816.373,696.261,631.349,542.475,538.939,408.655
6.533,935.945,490.820,988.927,828.436,916.824,578.228,816.718,696.669,628.985,539.412,538.955,408.287
6.567,935.203,489.043,987.983,829.316,916.814,577.477,816.588,696.305,627.437,536.815,538.916,408.744
6.600,933.764,486.460,986.670,829.918,917.054,577.066,816.640,696.371,626.829,535.651,538.939,408.655
6.633,932.738,483.495,986.118,831.776,916.800,576.897,816.698,696.423,626.991,534.477,538.934,408.567
6.667,931.192,481.189,985.960,832.048,916.721,576.428,816.981,696.919,627.775,533.531,538.914,408.366
6.700,930.275,478.962,985.676,832.062,916.583,576.182,816.577,696.196,626.888,531.038,538.922,408.487
6.733,929.967,478.696,985.273,831.874,916.570,575.709,816.889,696.314,626.916,529.478,538.914,408.366
6.767,929.312,477.516,983.077,831.352,916.818,575.591,816.879,696.171,627.263,528.238,538.914,408.366
6.800,927.547,476.177,981.743,830.809,916.348,575.372,816.879,696.171,627.047,525.376,538.914,408.366
6.833,924.992,475.389,980.761,830.615,915.579,575.556,816.516,696.251,627.333,521.399,538.731,408.601
6.867,923.913,473.107,980.571,830.831,916.207,575.495,816.516,696.185,627.138,519.781,538.765,408.644
6.900,922.079,470.824,980.570,830.534,916.181,575.330,816.533,696.231,627.428,515.564,538.765,408.644
6.933,921.932,471.263,980.548,830.102,916.188,575.675,816.533,696.231,627.536,512.327,538.765,408.644
6.967,920.550,470.251,980.385,829.945,916.015,575.926,816.630,696.224,628.844,508.477,538.745,408.407
7.000,919.946,468.940,980.399,829.586,915.743,576.514,816.588,695.981,629.592,504.483,538.988,408.203
7.033,919.269,467.248,980.399,829.586,915.733,576.455,817.023,695.601,630.165,500.763,538.954,408.109
7.067,919.310,465.169,980.399,829.586,915.688,576.541,816.656,696.434,630.270,498.433,538.813,407.935
7.100,918.171,463.426,980.399,829.586,915.850,576.340,816.792,696.090,630.951,494.961,538.880,408.321
7.133,915.832,461.801,980.399,829.586,915.743,576.514,816.493,696.355,630.643,492.962,538.762,408.171
7.167,914.322,460.371,980.089,829.810,915.527,577.100,816.211,696.521,631.460,489.311,538.511,408.650
7.200,912.388,458.957,980.064,829.672,915.527,576.957,816.235,696.479,631.947,486.344,538.628,408.491
7.233,910.510,458.442,980.112,829.633,915.784,575.942,816.435,696.405,632.955,482.967,538.688,408.480
7.267,909.117,457.846,979.368,829.755,915.621,575.186,816.173,696.387,632.635,482.184,538.693,408.436
7.300,906.602,456.983,978.880,828.705,915.955,573.413,816.173,696.020,635.592,479.508,538.728,408.615
7.333,905.046,455.395,978.393,828.925,915.442,571.067,816.557,695.692,636.653,475.599,538.870,408.562
7.367,903.327,454.468,978.138,827.516,916.406,567.052,816.396,695.769,637.171,473.804,538.546,409.200
7.400,901.985,453.575,977.947,827.465,916.378,564.574,816.557,695.692,638.179,471.595,538.588,408.186
7.433,901.240,452.637,977.600,827.217,916.573,563.961,816.557,695.692,639.723,467.597,538.541,408.129
7.467,899.578,450.884,977.094,827.084,916.480,562.637,816.557,695.692,640.655,465.609,538.368,408.646
7.500,898.523,450.185,975.855,826.875,916.579,560.967,816.567,695.551,641.757,462.874,538.377,408.001
7.533,896.871,449.688,975.264,826.291,916.046,558.463,816.705,695.495,643.317,459.006,538.006,407.667
7.567,895.775,448.644,975.085,826.545,915.688,555.037,816.705,695.495,644.174,457.016,538.693,405.975
7.600,895.149,448.373,973.752,826.714,915.981,551.786,816.720,695.904,645.211,454.000,538.607,404.690
7.633,894.910,447.522,972.488,826.493,915.885,548.933,816.603,696.011,646.592,450.797,539.156,403.307
7.667,894.383,447.386,971.138,826.190,916.049,546.979,816.843,696.077,648.653,446.530,539.664,402.558
7.700,893.797,446.592,969.813,825.082,916.211,543.451,816.486,695.968,649.672,443.062,539.337,402.365
7.733,892.596,445.427,969.826,824.270,916.308,541.506,817.134,695.290,650.733,439.791,539.724,403.480
7.767,892.551,445.471,969.360,824.039,916.072,537.496,817.134,695.290,650.622,437.311,539.677,403.141
7.800,891.903,443.911,969.836,823.950,916.263,534.172,817.223,695.332,651.599,434.473,539.757,403.132
7.833,890.526,442.009,968.143,823.979,916.248,531.110,816.203,695.927,653.558,430.772,539.840,402.691
7.867,889.617,440.850,967.568,824.138,916.503,529.574,816.369,696.183,653.419,428.792,539.910,402.520
7.900,888.277,440.598,966.368,825.029,917.240,528.082,816.185,695.998,653.427,425.927,539.910,403.185
7.933,886.535,439.646,965.720,825.195,917.100,524.254,816.495,696.202,653.263,421.696,540.566,403.172
7.967,885.475,438.710,964.527,824.910,918.146,522.930,816.537,695.943,653.499,417.541,540.305,403.399
8.000,883.132,436.863,964.899,824.807,918.222,518.551,816.963,695.812,654.182,415.258,540.239,403.470
8.033,881.839,434.811,963.899,824.807,919.077,515.857,817.012,695.888,653.947,411.169,540.084,403.170
8.067,881.190,433.019,961.929,824.570,919.779,513.143,816.754,695.785,654.434,408.500,540.209,403.776
8.100,880.297,431.358,960.902,824.311,920.295,511.018,816.979,696.408,655.804,404.931,540.147,403.912
8.133,879.131,429.610,960.096,824.335,921.255,507.600,816.894,695.700,656.070,401.952,540.007,404.033
8.167,876.576,428.202,958.130,824.761,922.679,502.744,816.742,696.024,655.769,399.768,540.268,403.612
8.200,875.702,427.382,955.932,824.536,923.458,498.744,816.553,696.361,655.316,397.479,540.106,403.226
8.233,874.284,426.490,954.005,823.988,925.366,495.780,816.901,695.884,656.142,394.936,540.187,403.420
8.267,873.574,426.293,952.783,823.369,926.717,492.645,816.899,695.878,656.564,391.811,540.258,403.524
8.300,872.594,426.163,950.647,823.104,928.306,490.718,816.803,695.698,656.136,389.743,540.268,403.612
8.333,870.542,424.216,949.565,823.439,928.965,487.952,816.189,695.292,656.108,388.577,540.068,403.866
8.367,869.354,423.024,947.690,823.667,930.682,485.393,816.672,695.497,655.117,385.895,540.023,403.304
8.400,869.191,420.101,945.493,823.893,931.328,481.076,816.383,695.585,654.549,382.616,540.016,403.659
8.433,867.386,418.977,944.533,823.173,932.221,477.982,816.561,695.449,654.599,379.261,540.030,403.780
8.467,866.029,418.959,944.494,822.836,933.432,475.556,816.249,695.517,654.893,378.652,540.067,403.915
8.500,864.478,417.416,942.009,823.350,934.604,471.337,816.625,695.599,655.385,374.434,540.115,404.151
8.533,863.384,416.381,940.138,823.190,935.042,469.084,816.695,695.609,656.147,372.733,539.959,404.547
8.567,862.150,416.376,939.745,822.970,935.509,467.804,816.695,695.609,657.137,370.386,539.551,403.787
8.600,860.948,415.877,938.752,822.900,936.182,465.672,816.661,695.625,657.220,370.204,539.523,403.340
8.633,858.905,414.338,937.608,822.836,937.032,462.045,816.513,695.619,657.179,370.150,539.418,403.557
8.667,855.903,413.076,936.713,823.091,937.096,460.217,817.107,695.436,656.710,369.825,538.967,404.020
8.700,854.851,413.324,935.752,823.182,938.455,457.329,816.815,695.562,655.197,369.633,538.994,404.102
8.733,853.361,412.697,933.420,822.127,938.559,455.619,816.828,695.590,653.717,368.337,538.873,403.852
8.767,852.443,412.510,931.508,822.189,940.371,453.750,816.661,695.477,652.214,366.843,538.888,403.856
8.800,851.756,411.389,930.292,822.163,941.923,451.788,816.896,696.087,650.717,364.482,538.987,404.154
8.833,850.101,410.350,929.850,821.574,942.875,450.427,816.897,696.199,650.205,362.831,539.459,404.354
8.867,849.475,410.229,929.563,821.125,943.098,448.013,816.649,696.207,648.252,359.911,539.463,404.280
8.900,848.673,411.087,929.570,821.084,945.963,446.881,816.404,696.721,647.136,358.330,539.462,403.844
8.933,848.199,411.235,929.510,821.166,946.761,444.127,816.346,696.640,646.255,355.815,539.556,403.790
8.967,847.396,411.148,928.989,820.943,949.013,441.409,816.475,696.655,645.513,354.196,539.566,404.365
9.000,846.535,411.441,928.264,820.884,951.266,439.492,816.325,696.148,644.193,352.579,538.900,404.824
9.033,844.854,410.986,927.787,820.886,952.781,436.968,816.207,695.980,nan,nan,538.958,404.861
9.067,844.355,410.461,926.809,820.895,953.701,434.493,816.553,696.029,nan,nan,538.970,404.963
9.100,844.692,408.648,925.490,820.934,956.562,431.870,816.989,695.603,642.976,352.576,538.970,404.963
9.133,842.388,408.568,924.721,821.435,958.292,429.767,816.722,695.318,642.652,352.318,538.934,405.064
9.167,840.764,408.135,922.882,822.723,960.451,427.269,816.502,695.527,642.500,352.670,539.477,404.286
9.200,839.727,408.196,921.903,821.810,962.016,424.553,816.709,695.622,641.234,352.520,539.486,404.317
9.233,838.835,407.717,920.259,821.477,964.470,421.552,816.416,695.475,nan,nan,539.494,404.346
9.267,837.816,407.482,920.099,820.812,966.079,418.414,816.536,695.609,nan,nan,539.471,404.353
9.300,837.216,406.301,919.246,821.239,967.195,416.629,816.502,695.527,nan,nan,539.477,404.286
9.333,835.610,404.794,917.195,820.892,969.463,414.021,816.595,695.317,nan,nan,538.948,405.062
9.367,833.764,404.167,916.241,820.980,971.380,410.582,816.456,695.362,nan,nan,538.884,405.165
9.400,831.600,402.842,916.206,820.930,972.661,408.599,816.595,695.317,634.111,352.000,538.797,404.772
9.433,832.445,401.760,915.794,820.617,973.734,405.415,816.595,695.317,634.061,352.390,538.920,404.990
9.467,830.920,401.801,915.481,820.528,975.690,403.786,816.595,695.317,633.688,352.357,538.881,404.675
9.500,829.606,400.845,914.792,820.712,975.999,401.833,816.499,694.798,633.310,352.810,539.181,404.560
9.533,828.578,400.423,914.079,820.505,977.634,399.386,816.635,694.793,634.056,353.347,539.143,404.479
9.567,826.289,399.244,911.954,821.138,978.789,397.623,816.515,694.916,634.541,353.785,539.248,404.506
9.600,825.483,398.603,909.455,820.654,979.579,394.770,816.557,694.970,634.267,355.126,539.169,404.596
9.633,824.936,398.498,907.406,819.904,981.011,393.774,816.576,695.303,633.058,355.413,539.181,404.560
9.667,823.634,396.446,904.947,818.817,982.373,392.064,817.169,695.588,633.429,354.529,539.192,404.598
9.700,823.023,395.938,903.335,818.288,982.580,391.311,816.831,694.882,633.240,354.107,539.157,404.812
9.733,821.871,395.736,901.719,818.413,983.148,390.796,816.954,694.850,633.884,353.883,538.975,405.232
9.767,821.838,395.414,898.993,818.689,983.740,390.650,816.980,694.987,633.929,354.144,538.942,405.118
9.800,821.390,394.382,895.711,818.670,984.336,389.193,816.594,695.086,634.200,354.232,539.128,404.657
9.833,819.966,393.745,894.417,817.112,984.618,387.877,816.527,695.466,635.308,354.056,538.971,405.233
9.867,820.148,393.518,893.085,817.135,985.905,387.137,816.666,695.315,635.502,353.157,539.109,404.842
9.900,820.930,392.953,890.077,816.458,985.716,388.198,816.628,695.333,637.351,352.543,539.046,405.204
9.933,820.110,392.516,888.042,816.364,987.960,389.587,816.628,695.333,nan,nan,539.080,404.764
9.967,820.530,392.092,885.701,816.534,988.653,389.959,816.999,695.263,nan,nan,538.937,404.994
10.000,819.300,392.002,882.280,816.381,988.544,390.297,816.822,696.168,nan,nan,539.011,404.806
10.033,819.431,391.028,880.107,815.342,989.507,389.189,816.856,696.187,641.578,351.809,539.109,405.319
10.067,819.458,390.679,877.301,815.126,989.502,388.650,816.826,695.973,nan,nan,539.119,405.236
10.100,818.691,389.396,875.310,814.105,989.591,388.023,816.856,696.187,nan,nan,539.119,405.236
10.133,818.812,389.295,873.445,813.717,989.960,388.346,816.822,696.168,nan,nan,539.117,404.846
10.167,819.186,389.101,870.646,814.112,989.657,388.236,817.511,696.012,nan,nan,539.366,404.971
10.200,819.235,390.112,867.710,813.236,989.634,390.044,816.897,696.807,nan,nan,539.366,404.971
10.233,819.039,390.497,865.788,812.720,988.986,389.965,817.455,695.866,nan,nan,539.366,404.971
10.267,819.465,390.033,863.970,812.320,990.365,389.391,817.461,695.687,nan,nan,539.354,404.899
10.300,819.704,390.035,861.410,812.165,990.472,388.924,817.621,695.492,nan,nan,539.244,404.537
10.333,819.729,389.813,858.697,811.155,990.469,388.831,816.685,695.290,658.672,351.370,539.177,404.760
10.367,820.171,389.413,856.351,810.281,991.631,388.764,816.676,694.848,658.359,351.333,539.257,405.130
10.400,820.339,388.625,853.631,809.272,992.095,387.366,816.685,695.028,660.118,351.351,539.270,405.114
10.433,821.201,386.963,849.770,809.781,991.719,388.754,816.817,695.331,663.840,351.486,539.245,405.123
10.467,821.667,385.838,847.240,808.112,992.590,388.467,816.771,695.424,664.583,351.644,539.382,404.740
10.500,821.345,385.869,845.003,807.619,992.513,388.850,816.848,695.705,nan,nan,539.349,404.759
10.533,820.623,384.410,843.632,807.697,992.703,388.909,816.888,695.606,nan,nan,539.378,404.761
10.567,820.765,383.206,841.035,807.057,992.649,388.871,816.953,695.622,nan,nan,539.378,404.761
10.600,822.058,380.899,840.296,806.875,992.711,388.526,817.123,695.902,nan,nan,539.382,404.740
10.633,821.681,380.030,838.863,805.940,992.576,388.312,817.268,695.548,nan,nan,539.127,404.883
10.667,822.630,378.878,836.888,805.685,992.140,389.449,816.750,695.429,nan,nan,539.109,405.154
10.700,823.190,379.080,835.349,805.000,992.178,388.441,817.369,695.700,nan,nan,539.170,404.293
10.733,823.213,379.600,832.695,805.644,991.702,388.752,817.421,695.616,nan,nan,539.366,404.508
10.767,822.988,378.788,831.970,805.903,991.361,388.991,816.964,695.758,nan,nan,539.127,404.883
10.800,823.479,377.689,829.315,805.913,991.542,388.832,817.279,695.851,nan,nan,539.392,404.934
10.833,823.641,377.137,828.180,805.623,991.332,389.455,816.838,696.040,nan,nan,539.295,405.001
10.867,824.521,377.384,827.161,805.187,991.239,389.769,816.858,695.854,nan,nan,539.584,404.802
10.900,823.752,376.918,825.832,805.099,991.246,390.042,816.765,696.017,nan,nan,539.413,404.436
10.933,824.263,375.841,825.547,805.186,991.242,389.664,816.905,696.069,nan,nan,539.411,405.002
10.967,825.144,374.604,823.135,804.085,991.292,389.768,817.102,696.249,nan,nan,539.326,404.732
11.000,825.791,373.270,821.569,803.097,990.981,389.918,817.050,696.293,nan,nan,539.362,404.496
11.033,826.724,371.122,819.988,802.437,990.971,389.961,816.989,696.120,nan,nan,539.373,404.510
11.067,826.965,368.525,820.615,801.930,991.256,390.182,816.953,696.151,nan,nan,539.165,404.474
11.100,827.846,367.638,819.761,801.283,990.920,390.096,817.102,696.249,nan,nan,539.303,404.488
11.133,828.286,368.152,820.291,801.002,991.196,390.381,816.857,696.790,nan,nan,539.264,405.342
11.167,828.172,367.484,818.581,801.301,991.191,390.085,816.647,696.884,nan,nan,539.286,405.321
11.200,828.809,366.162,818.914,801.102,991.335,390.309,817.031,696.366,nan,nan,539.237,405.181
11.233,829.155,365.535,818.994,801.310,991.200,390.544,816.526,696.077,nan,nan,539.135,405.134
11.267,829.408,363.997,819.376,801.730,991.238,390.461,816.857,696.790,nan,nan,539.093,404.974
11.300,830.199,362.807,818.397,801.836,991.391,390.504,817.396,695.706,nan,nan,539.224,404.898
11.333,830.628,363.161,818.112,801.256,991.478,390.392,817.548,695.728,nan,nan,539.338,404.735
11.367,831.534,362.809,817.331,801.317,991.332,390.614,817.388,695.609,nan,nan,539.428,404.586
11.400,831.814,361.892,817.998,802.580,991.551,390.356,817.470,695.661,nan,nan,539.469,404.801
11.433,831.815,361.074,817.814,803.329,991.382,390.328,817.345,695.109,nan,nan,539.358,404.725
11.467,832.382,360.142,817.758,804.729,991.239,389.915,817.011,695.253,nan,nan,539.164,405.306
11.500,832.688,359.803,817.168,804.700,991.552,389.462,816.957,695.249,nan,nan,539.273,404.986
11.533,833.342,359.713,816.885,804.625,991.213,389.966,816.854,695.309,nan,nan,539.361,404.559
11.567,833.421,359.995,817.037,806.161,991.270,390.111,817.051,695.034,nan,nan,539.284,404.878
11.600,834.124,360.040,816.881,807.542,991.240,390.055,817.051,695.051,nan,nan,539.314,404.860
11.633,834.149,359.346,816.303,808.589,991.492,390.053,816.845,694.545,nan,nan,539.091,404.946
11.667,834.103,359.305,816.355,810.310,991.498,389.830,817.050,694.674,nan,nan,539.212,405.177
11.700,833.861,359.080,816.786,810.755,992.030,388.645,817.213,695.065,nan,nan,539.320,405.047
11.733,835.458,358.432,817.218,811.460,992.673,387.907,816.991,695.018,nan,nan,539.365,405.073
11.767,835.448,357.843,817.687,812.954,993.130,388.042,817.138,695.060,nan,nan,539.352,405.061
11.800,835.001,358.298,817.267,812.845,992.695,386.987,817.371,695.364,nan,nan,539.078,405.556
11.833,836.780,357.239,817.429,813.437,992.504,387.095,817.281,695.276,nan,nan,538.978,405.317
11.867,837.499,356.628,818.063,813.417,992.587,387.279,817.564,695.163,nan,nan,539.099,405.520
11.900,837.845,356.487,818.613,814.387,992.670,387.167,817.312,695.348,nan,nan,539.087,405.540
11.933,837.433,356.748,818.856,814.633,993.027,387.200,817.697,695.175,nan,nan,539.075,405.468
11.967,838.587,356.055,819.168,815.469,993.464,387.366,817.539,695.373,nan,nan,539.106,405.652
12.000,838.747,356.534,820.238,815.778,993.659,386.504,817.225,695.333,nan,nan,539.404,404.994
12.033,838.290,355.980,820.895,817.110,993.737,385.863,817.717,695.240,nan,nan,539.071,405.579
12.067,837.757,355.984,821.336,817.194,994.021,384.636,817.754,695.193,nan,nan,539.317,405.467
12.100,838.645,356.378,821.254,817.147,994.468,382.537,817.884,695.057,nan,nan,539.102,405.686
12.133,840.070,356.047,823.649,815.583,994.966,381.570,817.983,695.462,nan,nan,539.097,405.536
12.167,840.432,355.873,823.707,815.656,994.834,380.728,817.583,695.378,nan,nan,539.092,405.728
12.200,840.270,355.881,824.841,814.874,994.988,380.996,817.381,695.047,nan,nan,539.264,405.433
12.233,841.168,355.855,824.770,814.873,995.186,380.487,817.644,695.344,nan,nan,539.143,405.159
12.267,841.240,355.883,826.099,814.420,995.243,379.345,817.218,694.835,nan,nan,539.232,405.218
12.300,841.675,356.087,827.141,814.335,995.619,377.946,817.148,694.265,nan,nan,539.108,405.592
12.333,842.167,355.923,828.414,813.052,995.899,377.189,817.585,694.112,nan,nan,539.165,405.512
12.367,842.986,355.651,830.759,812.603,995.897,376.061,817.648,694.524,nan,nan,539.308,405.026
12.400,843.060,355.628,833.567,812.414,996.497,374.897,816.992,694.696,nan,nan,539.270,405.180
12.433,842.742,355.235,835.557,812.420,996.637,373.634,817.270,693.696,nan,nan,539.298,404.873
12.467,844.954,355.136,837.937,813.384,996.633,372.767,816.829,694.787,nan,nan,539.246,405.324
12.500,845.096,353.781,840.238,813.508,997.265,372.386,817.340,694.953,nan,nan,539.082,405.589
12.533,845.335,352.848,844.500,813.394,997.027,371.653,816.829,694.787,nan,nan,539.330,405.164
12.567,846.355,353.120,846.038,813.151,996.892,371.149,817.090,694.686,nan,nan,539.311,404.988
12.600,846.223,352.911,847.917,813.207,996.650,370.275,816.851,694.503,nan,nan,539.091,405.614
12.633,848.152,353.000,850.889,813.006,997.052,368.594,817.440,694.526,nan,nan,539.250,405.069
12.667,850.102,353.617,853.550,811.977,997.160,369.445,817.133,694.150,nan,nan,539.379,404.679
12.700,850.375,352.846,855.717,810.765,996.945,369.541,817.311,694.000,nan,nan,539.443,404.790
12.733,851.039,352.022,858.077,811.443,997.060,369.323,817.235,694.117,nan,nan,539.327,404.885
12.767,852.012,352.393,861.411,810.661,997.056,369.067,817.365,694.005,nan,nan,539.318,405.011
12.800,850.433,351.977,863.593,809.890,997.058,368.638,817.148,693.970,nan,nan,539.467,405.174
12.833,850.882,352.167,868.181,809.196,996.911,366.347,817.148,693.970,nan,nan,539.591,404.870
12.867,852.533,352.325,870.534,809.156,996.909,365.677,817.148,693.970,nan,nan,539.789,404.505
12.900,852.377,351.845,873.218,808.531,996.284,365.002,817.148,693.970,nan,nan,539.773,404.448
12.933,853.643,351.342,877.080,808.131,995.994,364.382,817.148,693.970,nan,nan,539.507,405.018
12.967,854.203,351.292,881.307,806.890,996.090,363.168,817.342,694.893,nan,nan,539.478,405.042
13.000,854.555,352.043,884.601,806.130,996.213,363.603,817.342,694.893,nan,nan,539.487,405.032
13.033,854.603,352.099,887.379,806.167,996.223,363.493,817.211,694.866,nan,nan,539.334,405.206
13.067,854.757,352.133,889.979,805.789,995.703,361.639,816.992,694.714,nan,nan,539.388,404.937
13.100,854.450,352.226,893.804,804.381,994.576,360.723,817.308,694.541,nan,nan,539.410,405.013
13.133,853.829,351.928,897.425,803.170,994.952,358.924,816.644,694.443,nan,nan,539.507,404.913
13.167,853.410,352.040,900.106,803.159,994.444,358.130,816.752,694.273,nan,nan,539.364,405.009
13.200,853.685,352.035,903.797,802.879,994.333,357.431,816.242,693.870,nan,nan,539.221,405.159
13.233,852.106,351.501,906.801,801.602,994.917,356.565,816.400,694.800,nan,nan,539.348,405.060
13.267,852.439,351.924,911.294,800.051,994.975,356.560,815.762,694.086,nan,nan,539.369,405.278
13.300,853.327,352.016,913.676,799.159,995.211,356.420,815.689,693.696,nan,nan,539.275,405.268
13.333,852.369,352.089,916.367,798.310,994.985,355.493,815.680,692.419,nan,nan,539.275,405.268
13.367,852.952,352.086,918.660,797.499,995.386,354.497,816.154,690.766,nan,nan,539.275,405.268
13.400,853.333,352.444,919.887,796.430,995.955,354.397,816.282,688.113,nan,nan,539.081,405.487
13.433,853.366,352.891,922.301,794.642,995.377,353.356,816.780,687.621,nan,nan,539.275,405.268
13.467,853.666,353.395,923.916,793.458,nan,nan,817.099,685.931,nan,nan,539.500,405.565
13.500,853.629,353.680,927.076,792.695,nan,nan,816.797,684.506,nan,nan,539.420,405.347
13.533,852.472,353.461,929.767,791.890,nan,nan,817.494,683.127,nan,nan,539.500,405.565
13.567,852.209,353.422,932.587,789.804,nan,nan,817.628,679.674,nan,nan,539.500,405.565
13.600,852.171,353.985,936.831,788.837,nan,nan,817.554,677.495,nan,nan,539.500,405.565
13.633,851.928,353.412,938.681,788.466,nan,nan,818.544,675.222,nan,nan,539.292,405.386
13.667,851.273,353.524,941.353,787.357,nan,nan,818.842,673.835,nan,nan,539.320,405.293
13.700,851.346,354.075,943.939,785.386,nan,nan,819.369,669.775,nan,nan,539.271,405.346
13.733,851.039,354.201,947.264,782.813,nan,nan,820.140,666.995,nan,nan,539.289,405.346
13.767,851.177,354.524,949.254,781.234,nan,nan,820.745,664.806,nan,nan,539.280,405.395
13.800,850.841,354.987,952.143,780.215,nan,nan,821.420,662.923,nan,nan,539.480,405.525
13.833,850.827,354.991,954.675,777.870,nan,nan,822.202,661.608,nan,nan,539.468,405.658
13.867,850.639,354.953,958.739,775.905,nan,nan,823.682,658.292,nan,nan,539.509,405.234
13.900,850.251,355.013,960.621,774.540,nan,nan,825.406,656.274,nan,nan,539.333,405.422
13.933,850.275,355.003,962.352,773.887,nan,nan,826.638,654.801,nan,nan,539.408,405.609
13.967,850.103,355.049,964.430,773.268,nan,nan,827.009,653.556,nan,nan,539.432,405.708
14.000,850.055,355.059,967.186,770.399,nan,nan,829.898,651.602,nan,nan,539.410,405.673
14.033,849.886,355.019,969.464,768.552,nan,nan,830.861,649.998,nan,nan,539.297,405.818
14.067,849.886,355.019,970.740,767.468,nan,nan,832.135,649.126,nan,nan,539.279,405.163
14.100,849.929,355.204,974.039,766.197,nan,nan,832.495,648.202,nan,nan,539.432,405.708
14.133,849.974,355.169,974.916,764.024,nan,nan,832.896,646.224,nan,nan,539.160,406.342
14.167,849.974,355.169,977.251,761.573,nan,nan,832.321,644.881,nan,nan,539.344,405.785
14.200,849.974,355.169,979.170,760.369,nan,nan,830.929,642.627,nan,nan,539.303,405.939
14.233,849.974,355.169,981.597,758.401,nan,nan,832.656,640.036,nan,nan,539.487,405.302
14.267,849.974,355.169,982.480,757.873,nan,nan,832.433,636.926,nan,nan,539.412,405.480
14.300,849.968,354.901,983.898,756.697,nan,nan,833.090,633.203,nan,nan,539.115,405.627
14.333,849.678,355.276,984.749,755.639,nan,nan,834.017,629.738,nan,nan,539.286,405.802
14.367,849.701,355.241,985.731,754.951,nan,nan,834.003,626.264,nan,nan,539.286,405.802
14.400,849.671,355.082,985.815,755.129,nan,nan,833.793,624.389,nan,nan,539.283,405.714
14.433,849.770,355.266,986.156,754.673,nan,nan,834.777,621.447,nan,nan,539.188,405.637
14.467,849.873,355.338,985.314,755.517,nan,nan,834.748,619.082,nan,nan,538.965,406.391
14.500,849.873,355.338,985.625,755.416,nan,nan,833.841,618.405,nan,nan,538.983,406.151
14.533,849.873,355.338,985.091,756.278,nan,nan,835.096,616.919,nan,nan,539.104,406.139
14.567,849.873,355.338,984.553,756.540,nan,nan,835.734,614.528,nan,nan,539.082,405.667
14.600,849.873,355.338,984.655,756.719,nan,nan,835.806,614.465,nan,nan,539.017,405.891
14.633,850.253,355.189,984.120,756.587,nan,nan,835.581,614.448,nan,nan,539.221,405.369
14.667,850.151,355.123,984.491,756.459,nan,nan,836.159,613.147,nan,nan,539.083,405.034
14.700,850.253,355.189,984.171,756.813,nan,nan,835.962,610.844,nan,nan,539.298,405.587
14.733,850.253,355.189,984.111,756.982,nan,nan,836.575,608.365,nan,nan,539.383,405.348
14.767,850.253,355.189,984.341,757.406,nan,nan,836.308,606.830,nan,nan,539.373,405.350
14.800,849.808,355.298,984.170,757.304,nan,nan,837.209,606.723,nan,nan,539.397,405.672
14.833,849.793,355.261,983.975,757.659,nan,nan,837.475,607.164,nan,nan,539.244,405.613
14.867,849.808,355.298,984.178,757.705,nan,nan,838.803,606.879,nan,nan,539.298,405.477
14.900,849.808,355.298,984.315,757.273,nan,nan,839.459,605.005,nan,nan,539.306,405.481
14.933,849.808,355.298,984.155,757.552,nan,nan,840.646,604.100,nan,nan,539.357,405.535
14.967,849.495,355.567,983.884,757.677,nan,nan,841.757,603.117,nan,nan,539.369,405.506
15.000,849.456,355.578,983.904,757.821,nan,nan,842.734,601.288,nan,nan,539.369,405.506
15.033,849.456,355.578,983.997,757.681,nan,nan,842.726,601.107,nan,nan,539.376,405.258
15.067,849.503,355.552,983.880,757.641,nan,nan,843.774,600.986,nan,nan,539.352,405.400
15.100,849.503,355.552,984.310,757.686,nan,nan,844.629,599.639,nan,nan,539.376,405.258
15.133,849.476,355.730,983.844,758.388,nan,nan,845.991,597.588,nan,nan,539.504,405.637
15.167,849.491,355.741,984.085,758.221,nan,nan,848.065,595.745,nan,nan,539.544,405.505
15.200,849.491,355.741,983.902,758.042,nan,nan,849.382,593.883,nan,nan,539.236,405.765
15.233,849.409,355.590,983.727,758.192,nan,nan,851.215,591.307,nan,nan,539.314,404.942
15.267,849.439,355.557,983.864,758.105,nan,nan,850.922,590.100,nan,nan,539.414,404.990
15.300,849.321,355.580,984.143,757.565,nan,nan,851.202,588.328,nan,nan,539.247,405.525
15.333,849.569,355.526,984.047,757.780,nan,nan,852.111,585.105,nan,nan,539.247,405.525
15.367,849.526,355.496,984.035,757.796,nan,nan,853.003,583.859,nan,nan,539.247,405.525
15.400,849.131,355.123,984.250,757.516,nan,nan,853.500,582.492,nan,nan,539.247,405.525
15.433,849.255,355.214,984.250,757.516,nan,nan,853.650,580.225,nan,nan,539.247,405.525
15.467,849.620,355.154,984.157,756.934,nan,nan,853.462,579.077,nan,nan,539.096,406.108
15.500,849.440,354.680,983.982,757.090,nan,nan,853.946,578.128,nan,nan,539.096,406.108
15.533,850.008,354.458,984.070,756.898,nan,nan,855.002,576.592,nan,nan,539.096,406.108
15.567,849.951,354.574,984.076,757.044,nan,nan,856.759,574.255,nan,nan,539.096,406.108
15.600,849.766,354.618,983.863,757.444,nan,nan,855.908,574.151,nan,nan,539.096,406.108
15.633,849.623,354.370,984.020,757.899,nan,nan,855.176,571.988,nan,nan,538.931,406.403
15.667,849.728,354.454,984.058,757.685,nan,nan,855.489,570.594,nan,nan,538.895,406.204
15.700,849.623,354.488,984.115,757.660,nan,nan,856.445,569.083,nan,nan,538.926,406.353
15.733,849.638,354.551,984.158,757.325,nan,nan,856.727,568.894,nan,nan,539.088,406.136
15.767,849.324,354.786,983.972,757.791,nan,nan,857.260,570.029,nan,nan,539.031,405.964
15.800,849.461,354.997,984.088,757.529,nan,nan,856.301,569.993,nan,nan,539.024,406.275
15.833,849.502,354.865,983.876,757.890,nan,nan,856.726,569.775,nan,nan,539.292,405.579
15.867,849.414,354.975,984.074,757.668,nan,nan,859.346,570.806,nan,nan,539.262,405.556
15.900,849.274,354.978,984.028,757.737,nan,nan,860.614,570.051,nan,nan,539.252,405.591
15.933,849.204,354.939,983.876,757.890,nan,nan,861.899,568.556,nan,nan,539.024,405.850
15.967,849.085,354.956,983.959,757.702,nan,nan,865.416,566.744,nan,nan,539.148,406.202
16.000,849.035,354.981,983.768,757.954,nan,nan,866.704,565.802,nan,nan,538.879,406.427
16.033,849.035,354.981,983.753,758.129,nan,nan,867.603,566.172,nan,nan,539.188,405.916
16.067,849.035,354.981,984.057,757.992,nan,nan,869.233,566.360,nan,nan,539.125,406.083
16.100,849.085,354.956,983.959,757.702,nan,nan,871.021,565.968,nan,nan,539.103,406.284
16.133,848.849,355.208,983.315,758.737,nan,nan,872.714,566.022,nan,nan,539.327,405.734
16.167,848.849,355.208,983.492,758.345,nan,nan,873.610,565.737,nan,nan,539.098,406.284
16.200,848.849,355.208,983.315,758.737,nan,nan,873.967,565.779,nan,nan,539.103,405.546
16.233,848.849,355.208,983.243,758.542,nan,nan,876.341,565.907,nan,nan,539.016,405.783
16.267,848.849,355.208,983.315,758.737,nan,nan,879.374,565.657,nan,nan,539.183,406.056
16.300,849.236,355.246,983.863,758.155,nan,nan,884.061,564.603,nan,nan,539.107,406.568
16.333,849.236,355.246,983.885,758.333,nan,nan,887.125,563.654,nan,nan,539.082,406.248
16.367,849.236,355.246,983.817,757.967,nan,nan,887.261,563.201,nan,nan,539.092,406.185
16.400,849.236,355.246,983.817,757.967,nan,nan,890.529,563.769,nan,nan,538.941,406.004
16.433,849.236,355.246,983.863,758.155,nan,nan,894.143,563.504,nan,nan,539.063,405.598
16.467,848.858,355.365,983.658,758.079,nan,nan,897.419,563.471,nan,nan,538.939,406.056
16.500,848.858,355.365,983.632,757.795,nan,nan,901.388,563.299,nan,nan,538.956,406.237
16.533,848.858,355.365,983.622,757.777,nan,nan,902.931,562.284,nan,nan,538.956,406.237
16.567,848.858,355.365,983.639,758.006,nan,nan,905.847,562.667,nan,nan,538.989,406.130
16.600,848.858,355.365,983.608,758.057,nan,nan,909.955,562.110,nan,nan,538.996,405.881
16.633,848.988,355.306,983.958,757.740,nan,nan,914.425,561.925,nan,nan,539.302,405.349
16.667,848.988,355.306,983.929,757.652,nan,nan,917.203,561.533,nan,nan,539.353,405.307
16.700,849.036,355.281,983.870,757.832,nan,nan,921.416,560.832,nan,nan,539.367,405.182
16.733,848.988,355.306,983.870,757.832,nan,nan,924.163,560.858,nan,nan,539.336,405.623
16.767,848.988,355.306,984.132,757.572,nan,nan,926.944,559.904,nan,nan,539.377,405.563
16.800,849.384,355.634,983.981,757.869,nan,nan,929.872,558.355,nan,nan,538.664,406.640
16.833,849.233,355.679,984.068,757.867,nan,nan,932.996,556.657,nan,nan,538.810,406.369
16.867,848.895,355.629,984.040,757.754,nan,nan,935.890,555.016,nan,nan,538.873,406.240
16.900,848.827,355.508,984.024,757.873,nan,nan,939.062,553.463,nan,nan,538.821,406.540
16.933,849.124,355.707,983.972,757.831,nan,nan,940.747,551.991,nan,nan,538.933,406.334
16.967,848.651,355.749,983.969,757.528,nan,nan,941.471,550.507,nan,nan,538.894,406.051
17.000,848.651,355.749,983.892,757.660,nan,nan,943.132,549.072,nan,nan,538.890,406.285
17.033,848.651,355.749,983.924,757.619,nan,nan,945.079,547.326,nan,nan,538.917,406.098
17.067,848.653,355.835,983.455,757.997,nan,nan,947.210,545.458,nan,nan,539.017,406.468
17.100,848.635,355.960,983.669,758.290,nan,nan,950.072,543.826,nan,nan,538.816,406.668
17.133,848.342,355.732,983.652,758.248,nan,nan,951.813,542.175,nan,nan,539.043,406.393
17.167,848.342,355.732,983.772,758.226,nan,nan,953.313,540.274,nan,nan,538.935,406.342
17.200,848.342,355.732,983.653,758.251,nan,nan,955.311,538.405,nan,nan,538.952,406.391
17.233,848.342,355.732,983.788,758.020,nan,nan,957.463,536.326,nan,nan,539.043,406.635
17.267,848.342,355.732,983.839,757.991,nan,nan,958.859,534.620,nan,nan,539.043,406.393
17.300,848.884,355.922,984.465,757.818,nan,nan,961.992,531.571,nan,nan,539.293,406.203
17.333,849.014,355.860,983.939,758.400,nan,nan,962.194,530.212,nan,nan,539.293,406.203
17.367,849.014,355.860,984.403,757.934,nan,nan,963.677,529.152,nan,nan,539.375,406.534
17.400,849.014,355.860,984.282,758.088,nan,nan,964.070,526.975,nan,nan,539.328,406.275
17.433,849.014,355.860,984.150,758.339,nan,nan,964.576,524.892,nan,nan,539.284,406.321
17.467,848.510,355.647,983.343,758.267,nan,nan,966.099,523.236,nan,nan,539.326,406.264
17.500,848.480,355.672,983.757,757.682,nan,nan,967.747,521.103,nan,nan,539.070,406.498
17.533,848.303,355.702,983.793,757.834,nan,nan,969.248,518.712,nan,nan,539.097,406.669
17.567,848.605,356.183,983.806,757.839,nan,nan,970.031,516.683,nan,nan,538.963,406.856
17.600,848.602,356.281,983.738,757.921,nan,nan,970.525,515.811,nan,nan,539.335,406.200
17.633,848.463,356.342,983.689,757.934,nan,nan,970.516,513.938,nan,nan,539.152,406.233
17.667,848.413,356.353,983.335,758.485,nan,nan,973.229,510.176,nan,nan,539.140,406.237
17.700,848.039,356.795,983.400,758.475,nan,nan,974.283,508.502,nan,nan,539.209,406.074
17.733,848.378,356.521,983.198,758.669,nan,nan,975.823,505.123,nan,nan,539.209,406.074
17.767,848.505,356.579,983.157,758.746,nan,nan,975.869,503.626,nan,nan,539.194,406.391
17.800,848.791,356.477,983.918,758.378,nan,nan,975.534,500.106,nan,nan,538.972,406.653
17.833,848.553,356.438,983.769,758.446,nan,nan,975.701,496.869,nan,nan,538.998,406.091
17.867,848.265,356.672,983.918,758.378,nan,nan,977.774,493.075,nan,nan,539.370,405.758
17.900,848.549,356.694,983.898,758.327,nan,nan,977.895,490.125,nan,nan,539.320,405.408
17.933,848.625,356.707,983.848,758.224,nan,nan,978.305,487.268,nan,nan,539.291,405.411
17.967,849.049,356.981,983.899,758.047,nan,nan,978.817,486.516,nan,nan,539.301,404.486
18.000,849.183,357.036,983.840,758.022,nan,nan,978.472,484.598,nan,nan,539.331,405.037
18.033,849.516,357.271,983.824,758.076,nan,nan,977.033,481.179,nan,nan,539.208,404.456
18.067,849.644,357.269,983.786,758.024,nan,nan,976.911,477.905,nan,nan,539.573,403.961
18.100,849.223,357.087,983.571,758.212,nan,nan,976.564,475.109,nan,nan,539.400,403.090
18.133,849.454,357.342,983.194,758.500,nan,nan,975.840,473.604,nan,nan,539.535,402.782
18.167,849.033,357.349,983.185,758.618,nan,nan,975.205,471.358,nan,nan,539.653,402.798
18.200,848.927,357.528,983.140,758.544,nan,nan,975.286,469.218,nan,nan,539.616,402.676
18.233,849.115,357.439,983.140,758.544,nan,nan,973.489,468.102,nan,nan,539.070,403.676
18.267,849.009,357.695,983.194,758.500,nan,nan,973.633,464.219,nan,nan,538.864,404.125
18.300,849.298,357.577,983.742,758.291,nan,nan,971.687,462.567,nan,nan,538.785,404.104
18.333,849.077,357.880,983.662,758.373,nan,nan,970.127,460.286,nan,nan,538.371,404.416
18.367,849.390,357.844,983.686,758.403,nan,nan,968.096,458.919,nan,nan,538.480,404.109
18.400,849.345,358.013,983.642,758.551,nan,nan,966.636,457.518,nan,nan,538.449,404.211
18.433,849.278,358.192,983.556,758.206,nan,nan,965.115,455.629,nan,nan,538.117,404.080
18.467,849.040,357.734,983.616,758.197,nan,nan,964.928,454.061,nan,nan,538.010,403.439
18.500,848.951,358.090,983.820,757.962,nan,nan,963.328,452.752,nan,nan,538.007,403.414
18.533,849.217,358.175,983.806,757.939,nan,nan,962.129,450.217,nan,nan,538.017,403.415
18.567,849.057,357.968,983.969,757.911,nan,nan,959.535,448.976,nan,nan,538.084,403.464
18.600,849.132,358.412,983.656,758.295,nan,nan,958.872,447.591,nan,nan,538.017,403.415
18.633,849.644,358.205,984.139,757.846,nan,nan,957.616,444.205,nan,nan,537.987,403.370
18.667,849.645,358.152,984.108,757.940,nan,nan,956.860,442.542,nan,nan,537.987,403.370
18.700,849.474,358.358,984.129,757.804,nan,nan,956.556,442.683,nan,nan,537.987,403.370
18.733,849.137,358.525,984.157,757.744,nan,nan,953.347,439.345,nan,nan,537.987,403.370
18.767,849.644,358.205,984.129,757.804,nan,nan,952.337,437.364,nan,nan,537.987,403.370
18.800,849.709,358.159,984.367,758.244,nan,nan,951.869,435.526,nan,nan,538.083,403.263
18.833,849.235,358.855,984.630,757.996,nan,nan,950.486,432.763,nan,nan,538.083,403.263
18.867,849.833,358.518,984.730,757.954,nan,nan,948.881,431.092,nan,nan,538.083,403.263
18.900,849.396,358.599,984.640,757.908,nan,nan,947.095,429.419,nan,nan,538.083,403.263
18.933,849.617,358.346,984.367,758.244,nan,nan,946.358,426.900,nan,nan,538.083,403.263
18.967,849.809,358.323,984.265,757.811,nan,nan,944.686,425.034,nan,nan,538.451,403.529
19.000,849.180,358.808,984.444,757.625,nan,nan,942.135,422.682,nan,nan,538.397,403.216
19.033,849.783,358.559,984.344,757.745,nan,nan,940.423,419.501,686.574,352.318,538.163,403.371
19.067,849.243,358.012,984.343,757.759,nan,nan,939.512,418.566,686.667,352.346,538.284,403.772
19.100,848.749,357.315,984.161,757.941,nan,nan,937.092,416.075,686.691,352.425,538.590,403.911
19.133,848.772,357.287,984.308,758.589,nan,nan,935.431,414.330,nan,nan,538.533,403.987
19.167,848.943,357.122,984.354,758.455,nan,nan,933.548,413.224,685.909,352.688,538.584,403.507
19.200,849.177,357.146,984.341,758.528,nan,nan,930.531,411.072,685.909,352.688,538.626,403.559
19.233,848.945,356.860,984.069,758.592,nan,nan,928.587,409.659,685.909,352.688,538.626,403.559
19.267,849.642,356.706,984.293,758.269,nan,nan,925.838,407.341,685.998,352.578,538.800,403.329
19.300,850.021,354.888,983.490,758.459,nan,nan,923.489,405.020,685.829,352.470,538.667,403.714
19.333,849.541,353.908,983.904,758.170,nan,nan,921.358,404.001,685.829,352.470,538.819,403.785
19.367,850.593,353.075,983.901,758.173,nan,nan,918.862,402.224,685.829,352.470,539.104,403.886
19.400,851.188,352.427,983.944,758.375,nan,nan,915.646,400.368,685.500,352.415,539.247,403.828
19.433,851.320,351.740,983.990,758.185,nan,nan,914.540,399.179,685.788,352.467,539.248,403.963
19.467,852.047,351.262,984.487,757.586,nan,nan,913.051,397.395,685.875,352.719,539.433,403.935
19.500,851.760,350.622,984.187,758.051,nan,nan,910.591,394.383,685.764,352.762,539.601,403.949
19.533,nan,nan,983.932,758.241,nan,nan,908.625,392.644,685.875,352.719,539.544,404.445
19.567,nan,nan,984.034,758.065,nan,nan,907.003,391.082,685.734,352.789,539.269,404.382
19.600,nan,nan,984.487,757.586,nan,nan,904.655,390.180,684.900,352.721,539.090,404.441
19.633,nan,nan,984.009,758.331,nan,nan,903.829,388.940,685.173,352.426,539.314,403.753
19.667,nan,nan,983.807,758.723,nan,nan,902.464,387.371,685.128,352.454,539.294,403.707
19.700,nan,nan,983.986,758.539,nan,nan,900.788,385.042,685.530,352.580,539.295,403.691
19.733,nan,nan,983.804,758.817,nan,nan,899.048,383.400,685.530,352.580,539.567,403.989
19.767,nan,nan,983.127,757.858,nan,nan,897.970,382.355,685.530,352.580,539.364,403.904
19.800,nan,nan,982.743,758.910,nan,nan,895.843,380.722,685.675,352.663,539.635,404.248
19.833,nan,nan,982.673,758.827,nan,nan,894.727,379.540,685.275,352.665,539.775,404.407
19.867,nan,nan,983.212,758.391,nan,nan,893.305,378.689,685.301,352.574,539.709,404.379
19.900,nan,nan,983.564,758.434,nan,nan,892.454,378.299,685.427,352.608,539.090,404.135
19.933,nan,nan,983.813,758.071,nan,nan,891.432,377.915,685.587,352.639,539.039,403.871
19.967,nan,nan,984.104,757.504,nan,nan,890.086,376.692,685.923,352.672,538.862,403.505
20.000,nan,nan,983.669,757.833,nan,nan,889.210,376.078,685.923,352.672,538.831,403.479
20.033,nan,nan,983.807,757.932,nan,nan,888.502,375.643,685.845,352.676,538.857,403.480
20.067,nan,nan,983.283,758.592,nan,nan,888.721,375.885,685.845,352.676,538.938,403.661
20.100,nan,nan,983.266,758.564,nan,nan,888.491,375.668,685.874,352.655,539.118,403.650
20.133,nan,nan,983.216,758.845,nan,nan,888.325,375.433,685.837,352.872,539.296,404.239
20.167,nan,nan,983.250,758.688,nan,nan,886.873,374.478,685.501,352.847,539.299,404.170
20.200,nan,nan,983.254,758.529,nan,nan,886.075,373.304,685.335,352.808,539.340,404.240
20.233,nan,nan,983.603,758.533,nan,nan,885.160,372.299,685.335,352.808,539.413,404.240
20.267,nan,nan,984.118,757.990,nan,nan,885.135,370.998,685.579,352.863,539.491,404.365
20.300,nan,nan,984.660,757.296,nan,nan,885.792,371.680,684.988,352.694,539.645,404.603
20.333,nan,nan,984.635,757.331,nan,nan,885.471,372.144,685.067,352.667,539.130,403.762
20.367,nan,nan,984.635,757.331,nan,nan,884.525,372.435,684.988,352.694,539.014,403.890
20.400,nan,nan,984.096,757.827,nan,nan,885.440,373.590,684.988,352.694,539.181,404.361
20.433,nan,nan,983.861,758.027,nan,nan,884.602,373.528,684.988,352.694,539.243,404.321
20.467,nan,nan,983.898,757.812,nan,nan,885.768,374.091,685.222,352.815,539.269,404.171
20.500,nan,nan,984.576,757.342,nan,nan,885.746,373.832,685.222,352.815,539.564,405.429
20.533,nan,nan,984.075,757.510,nan,nan,885.814,373.693,685.222,352.815,539.218,405.088
20.567,nan,nan,984.568,757.071,nan,nan,886.052,374.012,685.222,352.815,538.888,403.986
20.600,nan,nan,983.885,756.458,nan,nan,886.178,374.529,685.222,352.815,539.281,404.828
20.633,nan,nan,983.862,756.556,nan,nan,886.266,374.380,685.301,352.729,539.453,404.714
20.667,nan,nan,984.099,755.867,nan,nan,886.643,375.195,685.291,352.796,539.169,405.135
20.700,nan,nan,983.991,755.549,nan,nan,886.635,375.544,684.846,352.700,539.396,404.816
20.733,nan,nan,985.103,755.547,nan,nan,887.044,376.117,684.734,352.748,539.232,405.149
20.767,nan,nan,985.138,754.432,nan,nan,886.838,375.940,684.401,352.561,539.292,405.077
20.800,nan,nan,986.400,754.690,nan,nan,886.516,375.365,684.898,352.744,539.637,404.851
20.833,nan,nan,987.721,752.069,nan,nan,881.740,370.827,685.080,352.670,539.294,404.993
20.867,nan,nan,nan,nan,nan,nan,nan,nan,nan,nan,nan,nan
